post_id,post_type,likes,shares,comments,timestamp
1,static post,1559,537,500,2024-09-30 00:42:21
2,carousel,566,992,160,2024-01-27 00:42:21
3,static image,3104,780,48,2024-12-08 00:42:21
4,static image,2754,730,135,2024-06-28 00:42:21
5,reel,3218,651,410,2024-02-11 00:42:21
6,reel,536,283,454,2024-08-26 00:42:21
7,static post,1437,922,348,2024-03-29 00:42:21
8,carousel,3278,455,326,2025-01-04 00:42:21
9,static post,4738,361,21,2024-10-19 00:42:21 

10,reel,1496,306,366,2024-12-05 00:42:21
11,reel,2743,662,96,2024-08-05 00:42:21
12,carousel,2701,203,231,2024-05-12 00:42:21
13,reel,4907,44,261,2024-06-02 00:42:21
14,carousel,4158,55,44,2024-03-04 00:42:21
15,carousel,3816,724,194,2024-11-15 00:42:21
16,reel,4368,377,465,2024-06-19 00:42:21
17,static post,138,56,353,2024-08-15 00:42:21
18,static post,3931,827,287,2024-06-14 00:42:21
19,static image,1127,374,332,2024-01-17 00:42:21
20,static post,2145,773,76,2024-09-05 00:42:21
21,reel,301,932,160,2024-01-27 00:42:21
22,carousel,761,603,270,2024-04-05 00:42:21
23,carousel,3680,675,456,2024-09-21 00:42:21
24,reel,2419,705,304,2024-07-16 00:42:21
25,reel,175,64,370,2024-03-30 00:42:21
26,reel,2993,353,490,2024-09-07 00:42:21
27,static post,494,430,269,2024-04-13 00:42:21
28,carousel,1091,157,472,2024-07-31 00:42:21
29,carousel,2652,765,412,2024-11-18 00:42:21
30,carousel,3604,927,380,2024-06-06 00:42:21
31,static image,4089,835,416,2024-01-14 00:42:21
32,static post,3196,164,128,2024-02-05 00:42:21
33,static post,354,195,7,2024-03-18 00:42:21
34,static post,2041,91,338,2024-02-06 00:42:21
35,static post,1346,95,173,2024-06-18 00:42:21
36,static image,2886,645,282,2024-04-05 00:42:21
37,carousel,872,94,28,2024-04-24 00:42:21
38,static post,1415,746,122,2024-07-11 00:42:21
39,carousel,2930,969,147,2024-11-12 00:42:21
40,static image,4223,316,177,2025-01-06 00:42:21
41,reel,1285,558,121,2024-08-07 00:42:21
42,static post,1668,838,278,2024-05-03 00:42:21
43,reel,4372,577,409,2024-01-18 00:42:21
44,static post,1863,899,44,2024-05-28 00:42:21
45,carousel,3150,183,167,2024-01-15 00:42:21
46,static image,255,555,407,2024-02-09 00:42:21
47,static image,3289,970,290,2024-02-24 00:42:21
48,static post,1487,457,173,2024-12-20 00:42:21
49,static image,1445,531,194,2024-10-24 00:42:21
50,static image,717,50,499,2024-07-04 00:42:21
51,reel,2786,234,111,2024-05-27 00:42:21
52,static image,2686,840,247,2024-11-28 00:42:21
53,static post,887,898,333,2024-10-03 00:42:21
54,reel,1186,663,413,2024-05-08 00:42:21
55,static post,2259,780,7,2024-02-17 00:42:21
56,static image,1547,310,82,2024-03-06 00:42:21
57,static image,4612,368,18,2024-03-13 00:42:21
58,static post,4591,677,249,2024-06-08 00:42:21
59,static post,3628,563,110,2024-11-19 00:42:21
60,static post,194,656,413,2024-01-10 00:42:21
61,static post,1225,755,139,2024-02-05 00:42:21
62,reel,4195,878,302,2024-08-02 00:42:21
63,reel,4737,528,66,2024-12-05 00:42:21
64,static image,4543,847,385,2024-12-04 00:42:21
65,static image,3730,48,130,2024-03-13 00:42:21
66,static post,3184,216,169,2024-09-30 00:42:21
67,static image,2361,350,60,2024-04-18 00:42:21
68,carousel,744,816,486,2024-10-19 00:42:21
69,static image,1899,277,324,2024-02-25 00:42:21
70,static image,2468,423,488,2024-01-11 00:42:21
71,reel,1255,395,99,2024-11-12 00:42:21
72,carousel,2278,736,401,2024-10-23 00:42:21
73,static post,4395,740,40,2024-08-10 00:42:21
74,static image,3039,878,411,2024-03-25 00:42:21
75,reel,3039,953,314,2024-08-03 00:42:21
76,static post,2533,516,187,2024-08-21 00:42:21
77,carousel,2570,827,77,2024-11-01 00:42:21
78,static image,2796,321,215,2024-12-26 00:42:21
79,static image,2065,882,7,2024-11-04 00:42:21
80,reel,166,980,339,2024-05-22 00:42:21
81,reel,4196,731,476,2024-11-05 00:42:21
82,carousel,1874,749,244,2024-07-11 00:42:21
83,static image,3654,785,344,2024-06-11 00:42:21
84,static post,3091,507,71,2024-02-14 00:42:21
85,carousel,3277,859,334,2024-03-15 00:42:21
86,static post,286,39,487,2024-08-22 00:42:21
87,static image,3137,971,366,2024-02-19 00:42:21
88,reel,4016,158,360,2024-01-25 00:42:21
89,static post,1153,256,178,2024-11-06 00:42:21
90,static image,2913,814,402,2024-11-21 00:42:21
91,carousel,4742,216,258,2024-10-04 00:42:21
92,static image,3460,719,307,2024-10-19 00:42:21
93,carousel,4014,747,185,2024-08-12 00:42:21
94,static post,1178,487,93,2024-12-24 00:42:21
95,carousel,527,932,262,2024-11-13 00:42:21
96,reel,2419,172,479,2024-03-03 00:42:21
97,carousel,4504,135,150,2024-01-30 00:42:21
98,reel,1980,693,338,2024-05-14 00:42:21
99,static post,348,298,414,2024-09-25 00:42:21
100,reel,1540,972,261,2024-03-03 00:42:21
101,reel,1130,602,407,2024-07-13 00:42:21
102,static image,2198,725,12,2024-04-10 00:42:21
103,static post,1820,39,66,2024-05-06 00:42:21
104,static image,3708,95,492,2024-02-13 00:42:21
105,static post,2262,987,415,2024-08-11 00:42:21
106,static image,287,160,292,2024-02-07 00:42:21
107,reel,2822,944,10,2024-06-27 00:42:21
108,reel,4793,939,473,2024-07-29 00:42:21
109,static post,1288,118,375,2024-06-13 00:42:21
110,static post,99,523,481,2024-03-14 00:42:21
111,carousel,2196,764,37,2024-07-15 00:42:21
112,reel,1469,306,324,2024-10-19 00:42:21
113,carousel,1533,944,444,2024-12-30 00:42:21
114,carousel,3210,663,50,2024-08-22 00:42:21
115,carousel,2895,443,477,2024-07-07 00:42:21
116,carousel,1116,267,291,2025-01-06 00:42:21
117,static image,2012,478,257,2024-07-01 00:42:21
118,static image,287,222,381,2024-11-11 00:42:21
119,reel,2028,10,216,2024-05-03 00:42:21
120,reel,4197,805,187,2024-05-24 00:42:21
121,static image,1006,810,25,2024-08-14 00:42:21
122,reel,503,489,28,2024-10-22 00:42:21
123,static post,1870,595,349,2024-05-19 00:42:21
124,carousel,1248,158,162,2024-01-27 00:42:21
125,carousel,3600,369,108,2024-07-15 00:42:21
126,static post,2495,456,412,2024-03-08 00:42:21
127,carousel,1898,275,481,2024-12-13 00:42:21
128,carousel,3333,132,138,2024-06-05 00:42:21
129,reel,3615,787,189,2024-01-27 00:42:21
130,static post,1469,467,474,2024-03-05 00:42:21
131,static image,2917,625,176,2024-04-26 00:42:21
132,carousel,3300,172,66,2024-05-06 00:42:21
133,static image,4815,316,308,2024-02-19 00:42:21
134,carousel,4255,959,255,2024-09-09 00:42:21
135,reel,2232,856,212,2024-07-23 00:42:21
136,static post,535,572,488,2024-11-19 00:42:21
137,reel,543,693,275,2024-09-12 00:42:21
138,static post,4827,362,53,2024-05-12 00:42:21
139,reel,4435,127,202,2024-03-22 00:42:21
140,static post,231,39,475,2024-07-11 00:42:21
141,carousel,1959,418,32,2024-11-10 00:42:21
142,reel,2824,93,436,2024-02-10 00:42:21
143,reel,4969,923,156,2024-06-17 00:42:21
144,reel,557,990,243,2024-04-02 00:42:21
145,reel,4272,636,433,2024-10-11 00:42:21
146,reel,1570,723,316,2024-05-20 00:42:21
147,reel,1714,824,195,2024-10-08 00:42:21
148,reel,4482,673,37,2024-03-29 00:42:21
149,static image,3344,30,330,2024-08-01 00:42:21
150,reel,4027,545,309,2024-12-29 00:42:21
151,carousel,4387,954,234,2024-07-14 00:42:21
152,reel,345,690,40,2024-08-22 00:42:21
153,static image,4120,992,438,2024-10-27 00:42:21
154,reel,1573,821,27,2024-09-07 00:42:21
155,static image,3487,846,26,2024-10-22 00:42:21
156,static image,4017,750,209,2024-12-09 00:42:21
157,reel,1723,403,23,2024-07-18 00:42:21
158,reel,1211,403,232,2024-09-08 00:42:21
159,carousel,3266,185,41,2024-05-03 00:42:21
160,static image,3023,92,63,2024-01-09 00:42:21
161,carousel,160,175,282,2024-10-09 00:42:21
162,static post,4718,77,167,2024-03-10 00:42:21
163,static image,3775,548,369,2024-09-18 00:42:21
164,carousel,58,825,301,2024-02-23 00:42:21
165,reel,254,528,333,2024-02-15 00:42:21
166,reel,1285,604,79,2024-11-21 00:42:21
167,static image,1030,807,471,2024-01-19 00:42:21
168,carousel,3500,507,466,2024-01-21 00:42:21
169,reel,2926,626,213,2024-02-02 00:42:21
170,reel,1890,817,85,2024-04-30 00:42:21
171,static image,539,579,408,2024-10-25 00:42:21
172,static image,2997,433,472,2024-04-27 00:42:21
173,static post,4062,964,370,2024-01-21 00:42:21
174,reel,1802,678,169,2024-08-18 00:42:21
175,carousel,3012,759,132,2024-10-13 00:42:21
176,static image,2810,833,321,2024-11-20 00:42:21
177,static image,2300,593,59,2024-04-06 00:42:21
178,carousel,2076,896,319,2024-10-31 00:42:21
179,carousel,2796,153,412,2024-02-04 00:42:21
180,carousel,2965,175,436,2025-01-06 00:42:21
181,static image,798,117,75,2024-12-30 00:42:21
182,reel,350,740,16,2024-05-18 00:42:21
183,carousel,4460,205,108,2024-04-19 00:42:21
184,static image,4461,665,183,2024-10-28 00:42:21
185,static image,2443,836,232,2024-06-20 00:42:21
186,static image,1579,745,163,2024-03-17 00:42:21
187,static image,1261,167,206,2024-10-15 00:42:21
188,carousel,2910,933,414,2024-04-23 00:42:21
189,carousel,4896,425,149,2024-03-15 00:42:21
190,reel,1096,965,411,2024-08-26 00:42:21
191,static post,1125,460,138,2024-05-02 00:42:21
192,reel,981,198,104,2024-05-18 00:42:21
193,static post,2815,386,322,2024-01-30 00:42:21
194,static post,183,514,351,2024-05-25 00:42:21
195,static image,2564,619,339,2024-03-04 00:42:21
196,static post,1219,370,65,2024-06-02 00:42:21
197,static image,3289,688,493,2024-12-20 00:42:21
198,static image,4984,404,441,2024-06-02 00:42:21
199,static image,4496,778,309,2024-05-21 00:42:21
200,carousel,3946,455,325,2024-03-05 00:42:21
201,static image,2964,599,290,2024-09-24 00:42:21
202,static image,4243,660,462,2024-05-05 00:42:21
203,reel,3948,658,353,2024-11-15 00:42:21
204,reel,794,706,158,2024-08-01 00:42:21
205,static post,462,222,380,2024-12-21 00:42:21
206,reel,4559,236,323,2024-04-29 00:42:21
207,reel,1007,624,32,2024-10-03 00:42:21
208,carousel,4762,51,216,2024-02-05 00:42:21
209,static post,1984,256,12,2024-12-29 00:42:21
210,static post,3990,417,385,2024-07-24 00:42:21
211,static post,4836,225,403,2024-02-22 00:42:21
212,static post,1153,506,11,2024-03-25 00:42:21
213,carousel,4821,322,75,2024-09-28 00:42:21
214,reel,2676,393,83,2024-01-24 00:42:21
215,static post,1231,157,181,2024-11-21 00:42:21
216,reel,2241,657,349,2024-06-27 00:42:21
217,reel,352,934,262,2024-10-10 00:42:21
218,reel,646,763,39,2024-03-16 00:42:21
219,carousel,1760,299,239,2024-04-14 00:42:21
220,reel,164,727,179,2024-02-25 00:42:21
221,reel,1242,709,95,2025-01-05 00:42:21
222,carousel,1642,582,229,2024-10-17 00:42:21
223,static post,707,893,476,2024-02-08 00:42:21
224,reel,1239,336,457,2024-05-17 00:42:21
225,carousel,2812,507,172,2024-07-05 00:42:21
226,reel,4461,881,413,2024-12-02 00:42:21
227,static post,4512,200,485,2024-09-14 00:42:21
228,static post,93,942,122,2024-09-17 00:42:21
229,reel,641,598,424,2024-11-11 00:42:21
230,static post,3783,16,283,2024-12-23 00:42:21
231,carousel,2659,769,434,2024-06-07 00:42:21
232,static post,486,977,114,2024-06-25 00:42:21
233,static image,620,989,53,2024-01-20 00:42:21
234,static image,4240,908,454,2024-03-05 00:42:21
235,static post,1299,549,32,2024-01-10 00:42:21
236,static post,1107,323,234,2024-07-21 00:42:21
237,static post,3339,185,167,2024-07-26 00:42:21
238,static post,390,125,351,2024-07-24 00:42:21
239,static post,3596,188,394,2024-09-17 00:42:21
240,carousel,2583,964,173,2024-01-26 00:42:21
241,static post,2231,21,420,2024-09-29 00:42:21
242,carousel,4820,327,116,2024-12-08 00:42:21
243,carousel,2399,329,40,2024-10-17 00:42:21
244,carousel,186,313,48,2024-11-16 00:42:21
245,carousel,252,196,438,2024-11-08 00:42:21
246,static image,4503,395,320,2024-06-26 00:42:21
247,static image,4859,714,41,2024-05-24 00:42:21
248,static post,1781,520,136,2024-07-31 00:42:21
249,reel,2067,786,399,2024-07-25 00:42:21
250,carousel,4073,292,167,2024-11-09 00:42:21
251,carousel,459,941,380,2024-08-07 00:42:21
252,static post,1295,644,183,2024-08-09 00:42:21
253,static post,3950,997,41,2024-09-03 00:42:21
254,static image,4654,108,189,2024-03-28 00:42:21
255,static post,1667,469,376,2024-10-27 00:42:21
256,reel,3338,735,199,2024-09-26 00:42:21
257,carousel,4073,286,389,2024-03-22 00:42:21
258,reel,1323,904,104,2024-03-23 00:42:21
259,reel,4553,144,242,2024-04-24 00:42:21
260,reel,3082,233,435,2024-06-25 00:42:21
261,static post,365,102,202,2024-11-02 00:42:21
262,carousel,4932,128,185,2024-08-28 00:42:21
263,reel,2759,700,396,2024-05-18 00:42:21
264,carousel,2292,59,64,2024-12-24 00:42:21
265,static image,194,866,174,2024-12-01 00:42:21
266,reel,2202,875,6,2024-10-22 00:42:21
267,reel,2680,823,324,2024-02-07 00:42:21
268,static post,2814,620,92,2024-07-07 00:42:21
269,carousel,1517,215,469,2024-06-28 00:42:21
270,reel,3096,453,58,2024-03-06 00:42:21
271,static post,1454,553,271,2024-09-17 00:42:21
272,reel,3066,896,98,2024-02-11 00:42:21
273,static image,1260,526,401,2024-05-31 00:42:21
274,static post,3728,924,156,2024-01-20 00:42:21
275,carousel,4076,795,463,2024-03-19 00:42:21
276,carousel,912,337,121,2024-03-20 00:42:21
277,static image,3470,237,338,2024-08-21 00:42:21
278,reel,347,572,185,2024-09-19 00:42:21
279,static image,1069,106,236,2024-02-15 00:42:21
280,reel,3853,688,493,2024-05-19 00:42:21
281,static image,3257,267,406,2024-12-16 00:42:21
282,reel,2805,934,96,2024-08-06 00:42:21
283,static post,3805,995,485,2024-10-13 00:42:21
284,carousel,1477,1000,63,2024-10-09 00:42:21
285,static image,4015,912,174,2024-12-28 00:42:21
286,static post,757,461,123,2024-09-19 00:42:21
287,static image,4216,724,325,2024-08-02 00:42:21
288,static post,4959,831,325,2024-11-08 00:42:21
289,reel,965,259,31,2024-10-22 00:42:21
290,static image,2796,968,310,2024-07-04 00:42:21
291,reel,3114,282,99,2024-05-04 00:42:21
292,static post,2461,29,383,2024-08-07 00:42:21
293,static post,3402,719,299,2024-11-14 00:42:21
294,reel,1638,150,146,2024-01-13 00:42:21
295,static image,4051,665,389,2024-12-07 00:42:21
296,reel,1701,329,383,2024-02-02 00:42:21
297,carousel,2306,625,496,2024-11-05 00:42:21
298,reel,1913,918,439,2024-03-10 00:42:21
299,static post,3924,601,409,2024-08-29 00:42:21
300,static post,2691,331,105,2024-06-26 00:42:21
301,static image,1669,538,142,2024-01-22 00:42:21
302,static image,2834,37,346,2024-07-09 00:42:21
303,reel,4904,453,169,2024-08-08 00:42:21
304,carousel,2108,168,347,2024-08-31 00:42:21
305,static image,1439,317,302,2024-10-30 00:42:21
306,static image,2782,444,291,2024-02-12 00:42:21
307,static image,4104,134,124,2024-10-04 00:42:21
308,static image,3851,841,194,2024-01-29 00:42:21
309,carousel,4235,56,333,2024-05-02 00:42:21
310,static post,4116,609,370,2024-04-07 00:42:21
311,static post,2605,625,293,2024-06-10 00:42:21
312,static image,809,39,273,2024-12-05 00:42:21
313,static post,3813,901,389,2024-04-07 00:42:21
314,static image,4372,393,35,2024-09-15 00:42:21
315,static image,2535,344,42,2024-08-29 00:42:21
316,static post,586,422,39,2024-06-04 00:42:21
317,reel,2521,306,188,2024-03-14 00:42:21
318,static post,4375,552,374,2024-06-12 00:42:21
319,reel,2590,536,181,2024-06-05 00:42:21
320,static image,3513,262,381,2024-12-26 00:42:21
321,reel,2962,686,312,2024-07-25 00:42:21
322,reel,1857,951,316,2024-12-12 00:42:21
323,static image,242,622,289,2024-05-16 00:42:21
324,carousel,4620,190,370,2024-02-18 00:42:21
325,carousel,3403,28,352,2024-02-05 00:42:21
326,reel,1082,765,488,2024-10-18 00:42:21
327,reel,2650,283,500,2024-07-12 00:42:21
328,carousel,2564,78,273,2024-11-02 00:42:21
329,reel,102,486,371,2024-05-15 00:42:21
330,static image,3756,352,424,2024-02-22 00:42:21
331,static post,1617,154,206,2024-03-02 00:42:21
332,static post,1223,376,287,2024-10-07 00:42:21
333,reel,1061,279,442,2024-09-30 00:42:21
334,carousel,2637,207,158,2024-06-06 00:42:21
335,carousel,4731,172,344,2024-12-18 00:42:21
336,static image,1463,66,335,2024-09-04 00:42:21
337,static image,2558,922,391,2024-01-18 00:42:21
338,static image,2974,117,114,2024-05-12 00:42:21
339,reel,4900,59,275,2024-01-10 00:42:21
340,carousel,921,983,302,2024-11-01 00:42:21
341,reel,3823,821,97,2024-11-14 00:42:21
342,carousel,2001,918,237,2024-10-09 00:42:21
343,carousel,4280,30,124,2024-12-29 00:42:21
344,static image,2998,775,310,2024-08-23 00:42:21
345,static image,4425,419,388,2024-11-04 00:42:21
346,static post,4483,597,66,2025-01-01 00:42:21
347,carousel,237,550,478,2024-04-11 00:42:21
348,static image,2444,243,165,2024-10-25 00:42:21
349,carousel,1986,411,375,2024-03-12 00:42:21
350,static post,2255,911,423,2024-12-24 00:42:21
351,static image,4940,931,232,2024-09-12 00:42:21
352,carousel,60,188,359,2024-11-17 00:42:21
353,static image,2981,887,162,2024-11-10 00:42:21
354,static image,4360,283,413,2024-03-27 00:42:21
355,carousel,2713,241,122,2024-02-12 00:42:21
356,reel,2816,199,103,2024-08-13 00:42:21
357,carousel,1259,239,96,2024-05-06 00:42:21
358,carousel,3370,258,452,2024-09-29 00:42:21
359,carousel,3868,464,410,2024-12-24 00:42:21
360,static image,1445,269,96,2024-12-14 00:42:21
361,reel,4771,986,85,2024-12-01 00:42:21
362,static post,2376,577,389,2024-10-23 00:42:21
363,carousel,4506,931,12,2025-01-05 00:42:21
364,reel,3752,433,184,2024-04-26 00:42:21
365,carousel,2789,507,178,2024-07-30 00:42:21
366,carousel,1570,243,288,2024-02-28 00:42:21
367,static post,3047,919,105,2024-06-08 00:42:21
368,carousel,2062,790,218,2024-04-22 00:42:21
369,reel,684,357,229,2024-03-05 00:42:21
370,reel,2248,460,208,2024-10-05 00:42:21
371,carousel,4348,649,160,2024-10-02 00:42:21
372,carousel,4249,422,62,2024-10-21 00:42:21
373,reel,2242,236,54,2024-08-27 00:42:21
374,static image,4043,950,374,2024-06-28 00:42:21
375,static post,2776,418,476,2024-01-18 00:42:21
376,carousel,967,703,333,2024-07-31 00:42:21
377,static post,4584,348,189,2024-07-14 00:42:21
378,carousel,322,435,241,2024-06-04 00:42:21
379,static image,2873,36,442,2024-08-18 00:42:21
380,carousel,2635,696,143,2024-10-26 00:42:21
381,static image,3729,622,498,2024-11-22 00:42:21
382,static image,963,826,311,2024-05-08 00:42:21
383,static image,4841,296,213,2024-05-02 00:42:21
384,reel,4118,440,497,2024-11-17 00:42:21
385,carousel,3959,578,351,2024-05-31 00:42:21
386,static image,2880,144,292,2024-09-17 00:42:21
387,static image,1296,567,430,2024-12-04 00:42:21
388,static post,4699,991,269,2024-11-29 00:42:21
389,static post,4126,891,490,2024-08-28 00:42:21
390,static image,828,688,492,2024-10-06 00:42:21
391,static post,1415,336,479,2024-08-01 00:42:21
392,reel,4594,604,231,2024-04-08 00:42:21
393,reel,2211,573,290,2024-03-31 00:42:21
394,static image,495,93,274,2024-02-16 00:42:21
395,reel,4540,565,482,2024-10-05 00:42:21
396,carousel,1830,329,350,2024-06-28 00:42:21
397,static image,1358,530,183,2024-04-04 00:42:21
398,static post,1629,654,465,2024-11-03 00:42:21
399,static image,4266,305,459,2024-11-03 00:42:21
400,carousel,3219,323,459,2024-03-27 00:42:21
401,reel,2129,640,349,2024-11-24 00:42:21
402,static post,3924,64,319,2024-07-13 00:42:21
403,static image,4414,569,194,2024-09-02 00:42:21
404,static post,3277,465,183,2024-05-28 00:42:21
405,reel,2769,653,52,2024-04-22 00:42:21
406,static post,3978,650,334,2024-09-18 00:42:21
407,reel,4370,702,23,2024-05-10 00:42:21
408,reel,4001,838,36,2024-11-09 00:42:21
409,static image,3557,435,87,2024-09-11 00:42:21
410,static post,68,603,44,2024-07-18 00:42:21
411,carousel,3664,67,470,2024-12-08 00:42:21
412,reel,643,710,349,2024-04-09 00:42:21
413,static image,129,715,49,2024-12-18 00:42:21
414,static post,3587,697,258,2024-01-24 00:42:21
415,static post,3595,796,473,2024-06-22 00:42:21
416,static post,68,338,194,2024-01-10 00:42:21
417,static post,2973,18,265,2024-04-29 00:42:21
418,static image,1032,753,271,2024-07-16 00:42:21
419,carousel,4824,296,478,2024-08-31 00:42:21
420,static post,288,651,78,2024-01-22 00:42:21
421,reel,1321,392,441,2024-01-17 00:42:21
422,static post,3031,687,55,2024-03-19 00:42:21
423,static post,1343,882,275,2024-12-01 00:42:21
424,static post,1297,108,42,2024-07-12 00:42:21
425,carousel,2400,226,27,2024-01-30 00:42:21
426,carousel,3889,722,6,2024-08-02 00:42:21
427,static post,1008,867,112,2024-09-11 00:42:21
428,reel,1938,139,423,2024-08-07 00:42:21
429,carousel,3560,186,297,2024-04-13 00:42:21
430,carousel,68,16,411,2024-05-16 00:42:21
431,reel,2411,233,304,2024-05-12 00:42:21
432,static image,3616,982,453,2024-10-17 00:42:21
433,static image,1156,35,317,2024-03-22 00:42:21
434,carousel,415,531,478,2024-02-17 00:42:21
435,static post,1821,615,489,2024-05-21 00:42:21
436,carousel,629,46,485,2024-10-05 00:42:21
437,carousel,1688,495,418,2024-08-16 00:42:21
438,static post,859,646,21,2024-09-09 00:42:21
439,reel,2198,662,267,2024-11-11 00:42:21
440,static post,1745,589,82,2024-06-09 00:42:21
441,carousel,3155,231,317,2024-02-12 00:42:21
442,static post,4905,872,223,2024-10-09 00:42:21
443,carousel,4123,941,494,2024-02-19 00:42:21
444,static post,4155,13,375,2024-11-16 00:42:21
445,static image,531,487,32,2024-05-31 00:42:21
446,carousel,2766,129,217,2024-03-12 00:42:21
447,carousel,1181,769,241,2024-02-24 00:42:21
448,static post,992,364,127,2024-02-05 00:42:21
449,carousel,4842,575,151,2024-08-26 00:42:21
450,reel,3112,150,356,2024-03-07 00:42:21
451,static image,1050,649,437,2024-09-30 00:42:21
452,carousel,1726,449,112,2024-05-23 00:42:21
453,static post,3803,816,229,2024-05-18 00:42:21
454,static image,155,273,400,2024-02-18 00:42:21
455,reel,4933,933,32,2024-12-23 00:42:21
456,carousel,2203,184,108,2024-10-29 00:42:21
457,static image,526,167,458,2024-02-20 00:42:21
458,static post,3519,164,222,2024-11-24 00:42:21
459,static post,3982,356,303,2024-03-08 00:42:21
460,reel,132,801,312,2024-12-09 00:42:21
461,static image,4004,909,330,2024-11-03 00:42:21
462,static image,1929,131,290,2024-09-27 00:42:21
463,carousel,886,900,399,2024-08-18 00:42:21
464,static image,1770,176,386,2024-04-01 00:42:21
465,reel,4101,268,27,2024-03-07 00:42:21
466,static post,2184,89,69,2024-05-30 00:42:21
467,static post,564,339,350,2024-03-12 00:42:21
468,reel,3253,543,494,2024-07-19 00:42:21
469,carousel,69,113,145,2024-12-09 00:42:21
470,static post,4301,201,364,2024-09-21 00:42:21
471,carousel,3769,121,367,2024-03-20 00:42:21
472,static post,3984,514,139,2024-11-06 00:42:21
473,static post,4008,232,271,2024-04-14 00:42:21
474,reel,4545,54,164,2024-07-22 00:42:21
475,static image,789,465,170,2024-10-17 00:42:21
476,carousel,2663,522,241,2024-04-03 00:42:21
477,static image,4293,630,5,2024-07-26 00:42:21
478,carousel,547,690,224,2024-04-22 00:42:21
479,static post,401,329,333,2024-11-20 00:42:21
480,carousel,4418,57,431,2024-05-24 00:42:21
481,reel,491,492,40,2024-07-16 00:42:21
482,static post,4973,648,161,2024-11-27 00:42:21
483,carousel,2531,995,243,2024-09-13 00:42:21
484,carousel,4554,284,302,2024-11-26 00:42:21
485,static image,1848,511,319,2024-04-30 00:42:21
486,static post,1965,620,156,2024-04-30 00:42:21
487,reel,4289,120,205,2024-12-05 00:42:21
488,static image,3542,740,92,2024-03-18 00:42:21
489,carousel,1050,849,387,2024-06-30 00:42:21
490,static image,432,242,19,2024-03-31 00:42:21
491,static post,443,853,188,2024-02-26 00:42:21
492,static post,226,404,375,2024-08-31 00:42:21
493,reel,813,103,246,2024-08-08 00:42:21
494,static image,4929,182,115,2024-11-20 00:42:21
495,static post,958,484,150,2024-05-18 00:42:21
496,static post,1115,446,396,2024-05-27 00:42:21
497,static post,1022,132,83,2024-02-10 00:42:21
498,reel,1446,952,201,2024-10-24 00:42:21
499,reel,4673,912,431,2024-09-17 00:42:21
500,static post,1057,603,117,2024-10-14 00:42:21
501,static image,1115,627,160,2024-12-16 00:42:21
502,static post,135,102,429,2024-05-16 00:42:21
503,reel,3515,709,129,2024-08-31 00:42:21
504,carousel,1783,506,154,2024-10-22 00:42:21
505,reel,2865,573,300,2024-02-19 00:42:21
506,reel,917,51,205,2024-11-05 00:42:21
507,reel,4784,173,6,2024-01-09 00:42:21
508,carousel,1849,393,228,2024-01-31 00:42:21
509,reel,3494,315,207,2024-09-15 00:42:21
510,static image,1095,707,450,2024-03-26 00:42:21
511,reel,1155,24,183,2024-02-03 00:42:21
512,reel,990,67,457,2024-07-02 00:42:21
513,reel,4119,786,129,2024-09-26 00:42:21
514,carousel,1727,238,79,2024-06-16 00:42:21
515,static image,1614,780,132,2024-04-01 00:42:21
516,static post,198,454,302,2024-09-15 00:42:21
517,reel,130,201,58,2024-08-09 00:42:21
518,static post,4760,271,476,2024-08-12 00:42:21
519,static image,4451,127,322,2024-09-08 00:42:21
520,carousel,2314,384,158,2024-01-16 00:42:21
521,reel,1829,52,325,2024-02-11 00:42:21
522,carousel,1406,171,73,2024-02-05 00:42:21
523,static image,910,771,141,2024-04-12 00:42:21
524,carousel,2990,27,254,2024-09-08 00:42:21
525,reel,501,589,123,2024-05-24 00:42:21
526,static image,3712,255,103,2024-03-11 00:42:21
527,carousel,283,834,309,2024-03-22 00:42:21
528,static image,3234,557,498,2024-08-01 00:42:21
529,reel,594,971,38,2024-02-21 00:42:21
530,static post,3719,554,37,2024-04-08 00:42:21
531,static image,1360,533,161,2024-11-17 00:42:21
532,static image,2270,749,383,2024-05-17 00:42:21
533,static post,1219,933,326,2024-07-07 00:42:21
534,reel,4065,724,364,2024-08-03 00:42:21
535,carousel,2334,29,281,2024-05-07 00:42:21
536,static post,190,557,459,2024-01-19 00:42:21
537,static post,3298,778,188,2024-10-02 00:42:21
538,carousel,2843,614,498,2024-07-01 00:42:21
539,static post,3866,349,71,2024-05-15 00:42:21
540,static image,4355,786,198,2024-07-15 00:42:21
541,reel,1649,308,70,2024-11-16 00:42:21
542,reel,2485,512,52,2024-01-22 00:42:21
543,static image,509,596,336,2024-08-05 00:42:21
544,static post,3001,22,260,2024-02-10 00:42:21
545,reel,4264,732,443,2024-12-18 00:42:21
546,carousel,834,484,347,2024-05-01 00:42:21
547,reel,1192,986,89,2024-01-19 00:42:21
548,carousel,3903,980,356,2024-12-11 00:42:21
549,reel,4059,510,375,2024-01-23 00:42:21
550,carousel,126,287,18,2024-03-11 00:42:21
551,static post,1897,287,43,2024-07-24 00:42:21
552,reel,2130,344,456,2025-01-05 00:42:21
553,static post,4440,622,263,2024-03-03 00:42:21
554,carousel,2978,847,48,2024-10-03 00:42:21
555,carousel,1893,277,354,2024-07-19 00:42:21
556,static image,3852,559,290,2024-11-21 00:42:21
557,carousel,3477,380,410,2024-05-12 00:42:21
558,static post,1649,659,264,2024-10-16 00:42:21
559,static post,3239,307,140,2024-02-12 00:42:21
560,static post,4469,231,63,2024-11-24 00:42:21
561,carousel,2405,73,295,2024-12-04 00:42:21
562,carousel,4025,704,360,2024-07-08 00:42:21
563,static post,1544,840,140,2024-03-21 00:42:21
564,carousel,1446,992,96,2024-12-12 00:42:21
565,reel,1478,810,327,2024-12-03 00:42:21
566,static image,3888,725,312,2024-03-02 00:42:21
567,reel,3115,567,441,2024-05-25 00:42:21
568,static image,750,565,11,2024-02-07 00:42:21
569,static post,3190,238,177,2024-11-29 00:42:21
570,static post,2150,965,364,2024-09-02 00:42:21
571,static image,158,523,414,2024-10-25 00:42:21
572,reel,2641,60,281,2024-12-10 00:42:21
573,carousel,4665,100,44,2024-12-30 00:42:21
574,static post,3052,802,249,2024-07-08 00:42:21
575,static post,2647,45,171,2024-05-20 00:42:21
576,reel,2017,864,137,2024-02-27 00:42:21
577,static post,471,425,326,2024-11-05 00:42:21
578,reel,1073,473,469,2024-04-06 00:42:21
579,static post,1358,788,266,2024-07-23 00:42:21
580,carousel,2968,425,152,2024-10-01 00:42:21
581,reel,1716,957,54,2024-02-24 00:42:21
582,carousel,201,546,79,2024-09-24 00:42:21
583,static image,4928,709,164,2024-12-13 00:42:21
584,reel,4517,204,438,2024-06-11 00:42:21
585,reel,2652,16,421,2024-09-14 00:42:21
586,carousel,4226,552,480,2024-07-08 00:42:21
587,reel,425,464,379,2024-02-01 00:42:21
588,carousel,658,16,233,2024-04-08 00:42:21
589,static post,550,800,83,2024-12-22 00:42:21
590,static post,3099,604,195,2024-11-14 00:42:21
591,reel,3440,541,35,2024-08-19 00:42:21
592,reel,3960,585,457,2024-08-27 00:42:21
593,static image,1439,300,43,2024-12-25 00:42:21
594,static image,1043,120,394,2024-01-30 00:42:21
595,static post,3810,958,28,2024-04-08 00:42:21
596,static post,1378,416,171,2024-08-30 00:42:21
597,static post,4558,788,96,2024-10-25 00:42:21
598,static image,1577,163,34,2024-08-01 00:42:21
599,carousel,2027,205,43,2024-10-24 00:42:21
600,reel,2238,174,298,2024-08-04 00:42:21
601,static image,3548,644,68,2024-01-14 00:42:21
602,reel,3340,680,299,2024-06-22 00:42:21
603,reel,1325,554,181,2024-10-11 00:42:21
604,static post,3712,894,73,2024-09-21 00:42:21
605,reel,2930,669,178,2024-09-21 00:42:21
606,static post,2391,712,193,2024-04-17 00:42:21
607,reel,709,270,102,2024-12-29 00:42:21
608,reel,1756,752,335,2024-04-02 00:42:21
609,static post,3440,85,147,2024-02-15 00:42:21
610,static post,4309,352,109,2024-07-06 00:42:21
611,static post,570,30,265,2024-02-20 00:42:21
612,static post,1373,483,448,2024-01-14 00:42:21
613,reel,1287,154,487,2024-12-01 00:42:21
614,carousel,4991,65,469,2024-09-24 00:42:21
615,reel,2591,268,250,2024-04-07 00:42:21
616,carousel,2923,194,196,2024-12-05 00:42:21
617,static post,4416,708,377,2024-04-04 00:42:21
618,carousel,2381,499,35,2024-08-06 00:42:21
619,reel,4733,80,84,2024-07-31 00:42:21
620,static image,2309,914,64,2024-12-26 00:42:21
621,reel,4883,74,438,2024-09-27 00:42:21
622,static image,3706,289,262,2024-04-10 00:42:21
623,static image,220,505,256,2024-05-09 00:42:21
624,static image,1238,714,438,2024-08-18 00:42:21
625,reel,580,179,415,2024-02-13 00:42:21
626,static post,1552,917,405,2024-10-17 00:42:21
627,carousel,1869,618,213,2024-07-02 00:42:21
628,static image,1580,617,84,2024-10-16 00:42:21
629,static image,4294,970,314,2024-10-23 00:42:21
630,static image,2313,85,184,2024-10-27 00:42:21
631,static image,1209,106,81,2024-11-05 00:42:21
632,carousel,3762,374,246,2024-12-28 00:42:21
633,reel,4826,500,387,2024-03-02 00:42:21
634,reel,3376,619,325,2024-08-27 00:42:21
635,static post,4242,853,15,2024-05-07 00:42:21
636,static image,1173,43,413,2024-01-11 00:42:21
637,static image,1867,524,44,2024-07-11 00:42:21
638,static image,1189,380,104,2024-03-17 00:42:21
639,carousel,3017,169,91,2024-04-24 00:42:21
640,reel,3477,762,180,2024-02-10 00:42:21
641,reel,1267,956,116,2024-02-09 00:42:21
642,static post,1607,586,109,2024-12-06 00:42:21
643,static image,1165,821,386,2024-02-08 00:42:21
644,carousel,2645,965,121,2024-02-08 00:42:21
645,static post,1086,402,226,2024-12-16 00:42:21
646,static post,514,774,192,2024-05-02 00:42:21
647,carousel,4799,825,275,2024-10-14 00:42:21
648,carousel,3199,555,206,2024-02-23 00:42:21
649,static image,3734,790,270,2024-02-26 00:42:21
650,static image,2635,429,187,2024-12-07 00:42:21
651,reel,2829,53,309,2024-08-05 00:42:21
652,carousel,3787,985,482,2024-08-12 00:42:21
653,carousel,2472,834,242,2024-10-20 00:42:21
654,reel,2396,612,222,2024-10-15 00:42:21
655,static image,1700,38,215,2024-07-24 00:42:21
656,static image,4626,445,123,2024-02-06 00:42:21
657,static post,1248,640,108,2024-08-25 00:42:21
658,reel,4881,406,341,2024-04-11 00:42:21
659,carousel,4404,508,233,2024-08-02 00:42:21
660,static post,3375,962,380,2024-06-28 00:42:21
661,static post,337,944,142,2024-05-13 00:42:21
662,carousel,1216,514,32,2024-02-09 00:42:21
663,static post,1458,799,299,2024-08-02 00:42:21
664,static post,4422,803,84,2024-02-15 00:42:21
665,static post,2853,670,327,2024-08-16 00:42:21
666,reel,803,490,385,2024-06-26 00:42:21
667,carousel,1733,169,14,2024-01-29 00:42:21
668,carousel,1258,387,108,2024-10-30 00:42:21
669,static image,2769,620,261,2024-10-30 00:42:21
670,reel,1415,838,396,2024-05-16 00:42:21
671,carousel,1129,354,97,2024-11-07 00:42:21
672,static post,4035,542,226,2024-12-29 00:42:21
673,static post,2991,551,79,2024-02-26 00:42:21
674,reel,2526,524,46,2024-02-23 00:42:21
675,static post,4110,824,92,2024-06-16 00:42:21
676,carousel,2901,440,93,2024-07-29 00:42:21
677,carousel,2335,76,325,2024-03-16 00:42:21
678,static post,4668,654,70,2024-07-10 00:42:21
679,static post,2090,131,247,2024-03-20 00:42:21
680,static image,2936,185,121,2024-01-14 00:42:21
681,static image,4994,946,31,2024-08-08 00:42:21
682,reel,4748,970,345,2024-06-26 00:42:21
683,reel,4716,984,174,2024-12-14 00:42:21
684,static post,4267,806,324,2024-04-28 00:42:21
685,static post,3015,792,188,2024-04-07 00:42:21
686,static post,1247,404,313,2024-06-21 00:42:21
687,static image,2306,250,300,2024-11-01 00:42:21
688,static image,2231,674,446,2025-01-02 00:42:21
689,carousel,4217,984,247,2024-11-21 00:42:21
690,reel,103,542,303,2024-01-26 00:42:21
691,static image,4448,547,125,2024-01-20 00:42:21
692,static image,2455,36,447,2024-01-15 00:42:21
693,carousel,1182,207,152,2024-01-17 00:42:21
694,static image,1228,736,204,2024-09-20 00:42:21
695,reel,1027,73,273,2024-11-24 00:42:21
696,reel,2193,90,78,2025-01-03 00:42:21
697,reel,86,514,74,2024-10-06 00:42:21
698,carousel,1595,52,318,2024-03-08 00:42:21
699,carousel,4813,497,108,2024-02-21 00:42:21
700,carousel,2488,634,174,2024-11-30 00:42:21
701,carousel,2423,265,228,2024-08-13 00:42:21
702,reel,3093,870,75,2024-11-16 00:42:21
703,static image,2192,613,62,2024-02-13 00:42:21
704,reel,2286,212,262,2024-10-10 00:42:21
705,carousel,2076,892,263,2024-11-21 00:42:21
706,static post,390,257,325,2024-06-07 00:42:21
707,carousel,3570,646,471,2024-03-02 00:42:21
708,static post,4344,996,315,2024-08-12 00:42:21
709,static image,922,589,227,2024-05-31 00:42:21
710,static image,1221,118,70,2024-12-13 00:42:21
711,static post,3238,624,301,2024-06-01 00:42:21
712,carousel,1931,344,428,2024-09-08 00:42:21
713,static post,64,686,347,2024-08-29 00:42:21
714,static post,3212,143,220,2024-07-13 00:42:21
715,static image,4962,566,389,2024-08-02 00:42:21
716,carousel,2776,879,207,2024-12-01 00:42:21
717,static post,2303,550,109,2024-07-20 00:42:21
718,static image,835,943,287,2024-12-03 00:42:21
719,reel,1912,58,231,2024-07-01 00:42:21
720,carousel,4024,109,93,2024-11-08 00:42:21
721,carousel,788,865,144,2024-06-29 00:42:21
722,static image,4734,922,360,2024-05-06 00:42:21
723,static post,96,437,170,2024-06-21 00:42:21
724,static post,3657,324,423,2024-02-11 00:42:21
725,static post,1453,895,50,2024-05-24 00:42:21
726,static post,663,581,130,2024-11-24 00:42:21
727,static image,4595,285,355,2024-09-12 00:42:21
728,static post,3896,647,366,2024-05-11 00:42:21
729,static post,2796,291,470,2024-05-18 00:42:21
730,static post,2944,460,178,2025-01-01 00:42:21
731,static post,3377,640,419,2024-04-30 00:42:21
732,carousel,3717,652,46,2024-08-07 00:42:21
733,static post,3845,239,187,2024-08-06 00:42:21
734,carousel,3635,816,46,2024-09-09 00:42:21
735,reel,2869,482,496,2024-11-18 00:42:21
736,static image,4876,670,109,2024-12-13 00:42:21
737,reel,1435,949,160,2024-03-01 00:42:21
738,reel,2762,194,453,2024-03-08 00:42:21
739,carousel,2557,655,312,2024-06-17 00:42:21
740,static post,111,928,78,2024-11-22 00:42:21
741,carousel,295,112,306,2024-03-09 00:42:21
742,static post,4370,124,454,2024-04-02 00:42:21
743,reel,1947,670,207,2024-05-13 00:42:21
744,carousel,4657,576,155,2024-07-19 00:42:21
745,static post,2806,937,408,2024-07-04 00:42:21
746,carousel,926,1000,83,2024-03-07 00:42:21
747,carousel,1188,436,185,2024-11-15 00:42:21
748,static image,3051,640,289,2024-01-09 00:42:21
749,reel,2790,305,375,2024-04-13 00:42:21
750,carousel,4022,851,223,2024-05-29 00:42:21
751,static post,2218,479,173,2024-04-12 00:42:21
752,static image,1962,585,308,2024-05-06 00:42:21
753,carousel,4681,71,277,2024-01-11 00:42:21
754,carousel,2973,332,196,2024-08-17 00:42:21
755,carousel,313,471,303,2024-08-17 00:42:21
756,static image,611,835,130,2024-08-22 00:42:21
757,static post,1769,846,456,2024-05-11 00:42:21
758,carousel,2189,649,383,2024-12-03 00:42:21
759,static image,2894,683,44,2024-05-03 00:42:21
760,static image,3786,341,206,2024-12-26 00:42:21
761,reel,792,597,140,2024-10-14 00:42:21
762,static post,793,867,104,2024-06-14 00:42:21
763,static image,2229,523,20,2024-08-15 00:42:21
764,reel,1026,772,126,2024-11-13 00:42:21
765,static image,3605,956,395,2024-10-04 00:42:21
766,static post,1169,931,282,2024-08-16 00:42:21
767,static post,2500,721,137,2024-06-14 00:42:21
768,reel,3089,638,383,2024-03-17 00:42:21
769,static image,3021,228,23,2024-04-24 00:42:21
770,reel,2393,407,311,2024-10-17 00:42:21
771,static post,1068,313,419,2024-10-08 00:42:21
772,reel,1557,431,69,2024-10-25 00:42:21
773,static image,2491,180,397,2024-07-09 00:42:21
774,carousel,4590,61,492,2024-05-02 00:42:21
775,static image,874,382,202,2024-05-31 00:42:21
776,static image,3206,476,249,2024-03-26 00:42:21
777,reel,219,556,383,2024-05-11 00:42:21
778,carousel,630,54,33,2024-03-27 00:42:21
779,static post,1717,260,166,2024-05-13 00:42:21
780,reel,4174,508,221,2024-02-23 00:42:21
781,carousel,2021,914,477,2024-02-19 00:42:21
782,static image,1866,172,202,2024-06-20 00:42:21
783,static post,752,629,429,2024-09-13 00:42:21
784,static post,1050,805,203,2024-07-25 00:42:21
785,static image,2005,843,179,2024-01-12 00:42:21
786,static post,3656,443,142,2024-03-13 00:42:21
787,static image,3045,621,218,2024-07-16 00:42:21
788,carousel,343,547,31,2024-05-13 00:42:21
789,static post,2307,922,283,2024-02-17 00:42:21
790,static post,528,925,53,2024-04-19 00:42:21
791,reel,1746,774,162,2025-01-03 00:42:21
792,reel,3950,822,360,2024-11-10 00:42:21
793,static post,791,594,6,2024-06-02 00:42:21
794,reel,2417,711,8,2024-04-13 00:42:21
795,static post,4536,419,78,2024-06-18 00:42:21
796,static post,3953,667,223,2024-07-30 00:42:21
797,static post,3144,706,206,2024-11-22 00:42:21
798,static post,312,625,20,2024-06-17 00:42:21
799,reel,4260,879,448,2024-08-08 00:42:21
800,static post,257,919,123,2024-06-06 00:42:21
801,static post,694,814,31,2024-06-29 00:42:21
802,static post,3797,447,309,2024-12-29 00:42:21
803,static post,3650,819,52,2024-02-16 00:42:21
804,carousel,3067,356,32,2024-08-09 00:42:21
805,static post,4004,959,283,2024-03-04 00:42:21
806,reel,4866,182,78,2024-07-02 00:42:21
807,carousel,4296,115,166,2024-10-15 00:42:21
808,reel,2196,706,165,2024-12-19 00:42:21
809,reel,1930,392,61,2024-08-04 00:42:21
810,reel,4802,993,316,2024-12-24 00:42:21
811,static post,3326,41,248,2025-01-01 00:42:21
812,static image,4098,262,179,2024-01-29 00:42:21
813,carousel,514,776,199,2024-06-24 00:42:21
814,reel,1464,251,23,2024-04-13 00:42:21
815,static image,1864,25,147,2024-08-10 00:42:21
816,static post,4579,668,380,2024-03-21 00:42:21
817,reel,2693,305,485,2024-09-07 00:42:21
818,reel,4577,446,278,2024-02-13 00:42:21
819,carousel,514,771,327,2024-04-27 00:42:21
820,static post,3090,530,371,2024-06-27 00:42:21
821,static image,4498,709,379,2024-12-16 00:42:21
822,carousel,3909,257,442,2024-06-27 00:42:21
823,reel,3193,750,212,2024-09-20 00:42:21
824,reel,4469,485,166,2024-12-06 00:42:21
825,carousel,4977,929,309,2024-12-30 00:42:21
826,carousel,3457,61,453,2024-09-03 00:42:21
827,carousel,3645,152,492,2024-12-27 00:42:21
828,reel,75,553,394,2024-11-27 00:42:21
829,reel,128,718,143,2024-02-03 00:42:21
830,reel,1035,265,441,2024-02-27 00:42:21
831,reel,3961,638,132,2024-07-10 00:42:21
832,static image,2003,412,81,2024-06-23 00:42:21
833,carousel,1385,241,308,2024-09-27 00:42:21
834,static image,2036,950,150,2024-06-02 00:42:21
835,static post,1406,565,276,2024-02-26 00:42:21
836,carousel,4524,533,342,2024-05-07 00:42:21
837,reel,1231,682,68,2024-07-14 00:42:21
838,static image,3212,222,42,2024-05-22 00:42:21
839,static post,4869,45,315,2024-10-30 00:42:21
840,static image,4996,475,196,2024-02-07 00:42:21
841,carousel,958,117,222,2024-04-16 00:42:21
842,reel,834,323,471,2024-02-03 00:42:21
843,carousel,3570,965,339,2024-11-04 00:42:21
844,reel,4609,485,486,2024-11-12 00:42:21
845,reel,3041,427,484,2024-10-09 00:42:21
846,carousel,3170,982,80,2024-02-21 00:42:21
847,static post,3406,532,301,2024-11-03 00:42:21
848,reel,2008,49,108,2025-01-07 00:42:21
849,static post,636,146,128,2024-09-12 00:42:21
850,carousel,4349,854,232,2024-11-23 00:42:21
851,carousel,3040,284,280,2024-05-15 00:42:21
852,carousel,332,579,317,2024-10-29 00:42:21
853,static post,2914,924,431,2024-05-05 00:42:21
854,static post,1493,770,76,2024-05-12 00:42:21
855,reel,1184,842,181,2024-06-13 00:42:21
856,reel,3493,962,319,2024-08-22 00:42:21
857,static post,705,400,476,2024-11-28 00:42:21
858,static post,4990,278,208,2024-05-08 00:42:21
859,static post,4944,780,336,2024-01-15 00:42:21
860,static post,1226,234,191,2024-09-04 00:42:21
861,static image,2838,995,452,2024-08-10 00:42:21
862,reel,1520,462,315,2024-04-09 00:42:21
863,static image,2872,973,213,2024-07-09 00:42:21
864,reel,1906,699,21,2024-01-31 00:42:21
865,carousel,1358,686,299,2024-11-29 00:42:21
866,static image,4421,443,32,2024-05-01 00:42:21
867,carousel,4639,213,494,2025-01-04 00:42:21
868,static image,1041,985,315,2024-02-12 00:42:21
869,carousel,935,934,436,2024-08-07 00:42:21
870,static post,389,429,479,2024-03-24 00:42:21
871,static image,4155,622,337,2024-06-22 00:42:21
872,reel,552,48,148,2024-06-02 00:42:21
873,static image,2643,929,223,2024-05-04 00:42:21
874,static post,2829,737,351,2024-04-01 00:42:21
875,static image,209,345,36,2024-08-08 00:42:21
876,reel,435,523,218,2024-07-30 00:42:21
877,reel,1714,670,269,2024-11-13 00:42:21
878,static post,538,660,360,2024-10-07 00:42:21
879,static post,2856,561,306,2024-06-14 00:42:21
880,static post,97,497,300,2024-11-01 00:42:21
881,static image,2703,778,416,2025-01-02 00:42:21
882,reel,3038,851,342,2024-11-15 00:42:21
883,static post,3095,696,310,2024-01-17 00:42:21
884,carousel,1743,681,301,2024-11-05 00:42:21
885,reel,1296,788,295,2024-11-09 00:42:21
886,carousel,4138,528,439,2024-11-18 00:42:21
887,static post,1594,233,421,2024-07-03 00:42:21
888,static post,2031,840,496,2024-05-04 00:42:21
889,static image,4236,609,45,2024-04-26 00:42:21
890,reel,4382,273,112,2024-10-27 00:42:21
891,static post,546,352,197,2024-09-28 00:42:21
892,static image,2417,596,441,2024-06-21 00:42:21
893,reel,1351,571,397,2024-09-30 00:42:21
894,static image,3771,44,124,2024-07-13 00:42:21
895,static post,2929,305,487,2025-01-06 00:42:21
896,static post,1028,811,356,2025-01-08 00:42:21
897,carousel,1557,152,251,2024-05-31 00:42:21
898,static image,3719,817,206,2024-05-25 00:42:21
899,reel,1406,80,51,2024-07-12 00:42:21
900,static post,2897,331,84,2024-06-22 00:42:21
901,reel,4613,612,238,2024-01-11 00:42:21
902,static image,1237,672,496,2024-08-21 00:42:21
903,reel,3563,747,53,2024-07-26 00:42:21
904,static post,2370,824,75,2024-07-10 00:42:21
905,static post,2252,729,23,2024-06-18 00:42:21
906,reel,987,652,347,2024-07-08 00:42:21
907,carousel,2656,665,358,2024-02-09 00:42:21
908,static post,185,494,9,2024-06-10 00:42:21
909,static image,3128,31,57,2024-05-25 00:42:21
910,reel,4890,357,490,2024-09-07 00:42:21
911,static image,145,769,19,2024-09-21 00:42:21
912,reel,3249,907,352,2024-12-26 00:42:21
913,carousel,668,738,499,2024-05-25 00:42:21
914,static image,912,416,497,2024-04-17 00:42:21
915,reel,872,264,372,2024-09-15 00:42:21
916,static post,819,411,494,2024-02-14 00:42:21
917,reel,3693,870,323,2024-12-10 00:42:21
918,reel,1904,830,382,2024-01-09 00:42:21
919,carousel,4392,316,131,2024-05-22 00:42:21
920,static post,2474,979,165,2024-03-29 00:42:21
921,carousel,1645,420,187,2024-05-07 00:42:21
922,static post,2274,384,65,2024-02-16 00:42:21
923,static image,2661,282,436,2024-08-20 00:42:21
924,carousel,3167,915,85,2024-11-13 00:42:21
925,static post,2271,248,239,2024-07-13 00:42:21
926,carousel,2820,662,115,2024-06-28 00:42:21
927,reel,3372,861,9,2024-10-17 00:42:21
928,static image,909,866,416,2024-03-28 00:42:21
929,reel,4737,550,408,2024-08-29 00:42:21
930,reel,4934,839,415,2024-05-18 00:42:21
931,reel,3033,349,435,2024-08-09 00:42:21
932,reel,3953,578,423,2024-11-22 00:42:21
933,static image,2612,460,183,2024-01-11 00:42:21
934,static post,364,613,143,2024-05-10 00:42:21
935,carousel,4736,116,361,2024-01-22 00:42:21
936,static image,647,488,413,2024-03-29 00:42:21
937,static image,1848,665,41,2024-10-09 00:42:21
938,reel,2018,902,188,2024-02-06 00:42:21
939,reel,341,119,156,2024-11-20 00:42:21
940,static post,4733,495,314,2024-09-23 00:42:21
941,carousel,3612,171,144,2024-01-21 00:42:21
942,carousel,2150,741,369,2024-11-05 00:42:21
943,reel,163,500,274,2024-03-19 00:42:21
944,carousel,550,85,203,2024-02-11 00:42:21
945,static image,4872,13,214,2024-05-17 00:42:21
946,static post,4689,735,361,2024-05-08 00:42:21
947,static post,4261,684,260,2024-09-30 00:42:21
948,carousel,2865,313,28,2024-02-22 00:42:21
949,static image,4324,998,47,2024-05-14 00:42:21
950,static post,3265,613,404,2024-08-18 00:42:21
951,reel,488,448,43,2024-01-16 00:42:21
952,reel,2082,101,118,2024-01-20 00:42:21
953,static post,4620,330,121,2024-12-03 00:42:21
954,static post,1803,910,249,2024-10-20 00:42:21
955,static post,3842,30,419,2024-02-04 00:42:21
956,carousel,3877,392,387,2024-09-13 00:42:21
957,static image,988,617,474,2024-11-26 00:42:21
958,reel,3348,192,318,2024-07-31 00:42:21
959,carousel,1500,45,465,2024-06-20 00:42:21
960,carousel,2030,496,98,2024-02-29 00:42:21
961,carousel,928,922,188,2024-10-23 00:42:21
962,reel,2008,431,90,2024-04-14 00:42:21
963,reel,1552,866,425,2024-09-28 00:42:21
964,reel,3064,793,228,2024-07-06 00:42:21
965,static image,4264,273,300,2024-06-21 00:42:21
966,carousel,4251,604,247,2024-05-06 00:42:21
967,static image,4078,157,15,2024-04-13 00:42:21
968,static image,2936,346,416,2024-09-10 00:42:21
969,carousel,4496,206,379,2024-01-27 00:42:21
970,static image,141,226,226,2024-09-19 00:42:21
971,static image,1458,334,59,2024-05-13 00:42:21
972,reel,4996,873,485,2024-02-24 00:42:21
973,reel,1443,199,65,2024-03-08 00:42:21
974,reel,2232,716,486,2024-04-13 00:42:21
975,carousel,3705,943,121,2024-09-05 00:42:21
976,carousel,4876,801,353,2024-02-05 00:42:21
977,static image,4208,948,455,2025-01-08 00:42:21
978,carousel,385,750,495,2024-05-09 00:42:21
979,static post,2402,956,102,2024-09-21 00:42:21
980,static post,4523,751,58,2024-04-03 00:42:21
981,static image,1338,67,46,2024-09-02 00:42:21
982,static image,132,996,288,2024-03-17 00:42:21
983,carousel,4665,712,437,2024-03-01 00:42:21
984,static post,4282,772,311,2024-10-01 00:42:21
985,carousel,2087,526,139,2024-06-11 00:42:21
986,static image,3939,613,370,2024-11-25 00:42:21
987,static image,3588,751,387,2024-03-17 00:42:21
988,reel,4028,849,481,2024-12-15 00:42:21
989,static post,1124,149,343,2024-03-26 00:42:21
990,static image,1533,382,472,2024-06-07 00:42:21
991,carousel,1445,873,264,2024-03-10 00:42:21
992,reel,4776,261,138,2024-01-11 00:42:21
993,static post,3025,79,224,2024-06-24 00:42:21
994,reel,947,37,113,2024-02-25 00:42:21
995,static post,2058,309,499,2024-10-10 00:42:21
996,static image,3749,179,36,2024-04-06 00:42:21
997,carousel,2687,545,443,2024-01-25 00:42:21
998,carousel,166,531,491,2024-05-28 00:42:21
999,static post,216,605,184,2024-11-01 00:42:21
1000,carousel,496,393,189,2024-09-13 00:42:21
